                  epoch,         train/box_loss,         train/cls_loss,         train/dfl_loss,   metrics/precision(B),      metrics/recall(B),       metrics/mAP50(B),    metrics/mAP50-95(B),           val/box_loss,           val/cls_loss,           val/dfl_loss,                 lr/pg0,                 lr/pg1,                 lr/pg2
                      0,                 4.3397,                 6.5497,                  4.351,                0.00015,                0.01812,                0.00018,                  2e-05,                 4.2027,                 5.1931,                 4.1611,              0.0032653,              0.0032653,              0.0032653
                      1,                 3.9249,                 5.5326,                 4.1284,                 0.0005,                0.02899,                0.00046,                  5e-05,                 4.1871,                  4.866,                 4.2037,              0.0065921,              0.0065921,              0.0065921
                      2,                 3.3045,                 4.0797,                 3.4082,                0.09023,                0.06455,                0.02404,                0.00666,                 3.2253,                 3.8036,                   3.46,              0.0099123,              0.0099123,              0.0099123
                      3,                 2.8612,                 3.3307,                  2.823,                0.52108,                0.05072,                0.03415,                 0.0114,                 3.2159,                 34.331,                 4.3095,              0.0099703,              0.0099703,              0.0099703
                      4,                 2.4996,                 2.6628,                 2.3923,                0.05778,                0.05072,                0.02829,                0.00845,                 2.8012,                 15.068,                 2.8033,              0.0099703,              0.0099703,              0.0099703
                      5,                 2.2932,                 2.1969,                 2.1414,                0.42177,                0.36609,                0.29477,                0.10524,                 2.4111,                 2.4198,                 2.3732,              0.0099604,              0.0099604,              0.0099604
                      6,                 2.1172,                 1.9444,                 1.9424,                0.52711,                0.54502,                0.53812,                0.25782,                 1.9097,                  1.902,                  1.972,              0.0099505,              0.0099505,              0.0099505
                      7,                 2.0096,                 1.7177,                 1.8265,                0.66728,                0.53927,                0.57801,                0.29096,                 1.9273,                   1.76,                 1.9256,              0.0099406,              0.0099406,              0.0099406
                      8,                 1.8328,                 1.5702,                  1.734,                0.62185,                 0.5976,                0.58782,                0.30367,                 1.8055,                 1.7323,                 1.8169,              0.0099307,              0.0099307,              0.0099307
                      9,                 1.7623,                 1.4553,                 1.6601,                0.46441,                 0.2358,                0.22596,                0.10673,                 2.0642,                 2.6245,                 2.1387,              0.0099208,              0.0099208,              0.0099208
                     10,                 1.7086,                 1.4131,                 1.6086,                0.72903,                0.64966,                 0.7006,                0.34805,                 1.5999,                 1.4205,                 1.6582,              0.0099109,              0.0099109,              0.0099109
                     11,                 1.5948,                 1.2778,                 1.5149,                0.73378,                0.65344,                0.74358,                0.37187,                 1.6134,                 1.3329,                 1.6109,               0.009901,               0.009901,               0.009901
                     12,                 1.5746,                 1.2003,                 1.4812,                0.83417,                0.50568,                0.63309,                0.33978,                 1.5512,                 1.5878,                 1.6188,              0.0098911,              0.0098911,              0.0098911
                     13,                 1.5042,                 1.1395,                 1.4502,                0.86513,                0.64337,                0.77953,                0.43445,                 1.4065,                  1.229,                 1.5205,              0.0098812,              0.0098812,              0.0098812
                     14,                 1.4738,                 1.0816,                 1.4089,                 0.7672,                0.67894,                0.76106,                0.41934,                 1.5074,                 1.1249,                 1.5302,              0.0098713,              0.0098713,              0.0098713
                     15,                 1.4097,                 1.0749,                 1.4119,                0.79733,                0.59787,                 0.7116,                0.39219,                 1.5028,                 1.2406,                 1.5308,              0.0098614,              0.0098614,              0.0098614
                     16,                 1.3969,                 1.0079,                 1.3685,                0.77527,                0.73264,                0.81339,                0.47207,                 1.3372,                 1.2349,                  1.431,              0.0098515,              0.0098515,              0.0098515
                     17,                 1.3455,                0.97091,                  1.353,                0.81432,                0.74937,                0.83345,                0.46987,                 1.3633,                 1.2473,                 1.4202,              0.0098416,              0.0098416,              0.0098416
                     18,                 1.3187,                0.94982,                 1.3165,                 0.9132,                0.71817,                0.82125,                0.49887,                 1.3347,                 1.0573,                 1.3844,              0.0098317,              0.0098317,              0.0098317
                     19,                 1.2775,                0.91885,                 1.2955,                0.84419,                0.80405,                0.87807,                0.53678,                 1.2734,                 1.0032,                 1.3324,              0.0098218,              0.0098218,              0.0098218
                     20,                  1.293,                0.88538,                  1.295,                0.81681,                0.79268,                0.87131,                0.57651,                 1.1932,                0.98886,                 1.2961,              0.0098119,              0.0098119,              0.0098119
                     21,                 1.2672,                0.85379,                 1.2642,                0.82081,                0.81961,                0.86556,                0.54305,                 1.2449,                 1.0272,                 1.2877,               0.009802,               0.009802,               0.009802
                     22,                 1.2329,                0.85973,                 1.2381,                0.87601,                0.80309,                0.87227,                   0.55,                 1.2515,                0.87139,                  1.301,              0.0097921,              0.0097921,              0.0097921
                     23,                 1.2401,                0.83774,                 1.2503,                0.88245,                 0.7702,                0.88636,                0.58451,                   1.16,                0.87036,                 1.2843,              0.0097822,              0.0097822,              0.0097822
                     24,                  1.225,                0.83157,                 1.2377,                0.86987,                 0.7926,                0.87814,                0.60493,                 1.1302,                0.86698,                  1.245,              0.0097723,              0.0097723,              0.0097723
                     25,                 1.1744,                0.79235,                 1.2166,                0.82125,                 0.7794,                0.85149,                0.52199,                 1.2366,                 1.1229,                 1.2768,              0.0097624,              0.0097624,              0.0097624
                     26,                 1.1866,                0.80492,                 1.2224,                0.77973,                0.78308,                0.85336,                0.57014,                 1.2004,                0.90531,                 1.2853,              0.0097525,              0.0097525,              0.0097525
                     27,                  1.187,                0.79004,                 1.2297,                0.90109,                0.83503,                0.91274,                0.60675,                 1.1358,                0.95491,                 1.2446,              0.0097426,              0.0097426,              0.0097426
                     28,                 1.1561,                0.77081,                 1.2172,                0.88905,                  0.811,                0.89406,                0.61426,                  1.077,                0.79854,                 1.2067,              0.0097327,              0.0097327,              0.0097327
                     29,                 1.1577,                0.75739,                 1.1991,                0.88167,                0.82986,                 0.9034,                0.60629,                 1.1299,                0.77071,                  1.201,              0.0097228,              0.0097228,              0.0097228
                     30,                 1.1386,                0.74327,                 1.1872,                0.87355,                0.78497,                0.85044,                0.58203,                 1.1106,                0.89433,                 1.2205,              0.0097129,              0.0097129,              0.0097129
                     31,                 1.1169,                0.72595,                 1.1727,                0.88391,                 0.7902,                0.90249,                0.57976,                 1.1355,                0.80734,                 1.1923,               0.009703,               0.009703,               0.009703
                     32,                 1.0916,                0.71935,                 1.1776,                0.93264,                0.78631,                0.90663,                0.63033,                 1.0081,                0.72325,                 1.1386,              0.0096931,              0.0096931,              0.0096931
                     33,                 1.1006,                0.72467,                 1.1685,                0.92957,                0.81854,                0.91912,                   0.63,                 1.0412,                0.74001,                 1.1689,              0.0096832,              0.0096832,              0.0096832
                     34,                 1.0893,                0.69923,                 1.1496,                0.92952,                0.84897,                 0.9395,                 0.6264,                 1.0696,                0.69804,                  1.152,              0.0096733,              0.0096733,              0.0096733
                     35,                 1.0702,                0.66998,                 1.1625,                0.88711,                0.84271,                0.90941,                0.62048,                 1.0648,                0.72935,                 1.1546,              0.0096634,              0.0096634,              0.0096634
                     36,                 1.0588,                0.68218,                 1.1505,                0.79808,                0.81845,                0.85782,                0.55921,                 1.1758,                0.84475,                 1.2421,              0.0096535,              0.0096535,              0.0096535
                     37,                   1.06,                0.68614,                 1.1398,                0.92719,                0.82096,                0.92601,                0.63397,                 1.0468,                0.68855,                 1.1484,              0.0096436,              0.0096436,              0.0096436
                     38,                 1.0744,                0.67999,                 1.1485,                0.91457,                0.76239,                0.85283,                0.57921,                 1.1008,                0.81073,                  1.183,              0.0096337,              0.0096337,              0.0096337
                     39,                 1.0454,                0.65702,                 1.1305,                0.94936,                0.89034,                0.94961,                0.64898,                0.99758,                0.68164,                 1.1437,              0.0096238,              0.0096238,              0.0096238
                     40,                 1.0421,                0.64924,                 1.1287,                0.88795,                0.88376,                0.93238,                0.63881,                 1.0115,                 0.6418,                 1.1389,              0.0096139,              0.0096139,              0.0096139
                     41,                 1.0506,                0.66633,                 1.1367,                0.89301,                0.90738,                 0.9478,                0.66945,                0.96757,                 0.6427,                  1.112,               0.009604,               0.009604,               0.009604
                     42,                 1.0493,                0.67156,                 1.1473,                0.86857,                0.77019,                0.89056,                0.59859,                 1.0195,                0.79415,                 1.1532,              0.0095941,              0.0095941,              0.0095941
                     43,                 1.0411,                0.65722,                 1.1259,                0.86974,                0.83733,                0.92364,                0.64225,                 1.0054,                0.70995,                 1.1222,              0.0095842,              0.0095842,              0.0095842
                     44,                 1.0231,                0.64587,                 1.0946,                0.90102,                0.84735,                0.93894,                0.63774,                0.99277,                0.66021,                 1.1166,              0.0095743,              0.0095743,              0.0095743
                     45,                0.99689,                0.63176,                 1.1046,                0.92368,                0.87465,                0.94607,                0.66304,                0.96417,                 0.6311,                 1.1052,              0.0095644,              0.0095644,              0.0095644
                     46,                  1.028,                0.64843,                 1.1159,                0.91893,                0.87272,                0.92723,                0.64434,                0.99413,                0.65495,                 1.1028,              0.0095545,              0.0095545,              0.0095545
                     47,                 0.9925,                0.62565,                 1.1121,                0.88393,                0.75621,                0.86617,                 0.5371,                 1.2007,                0.83801,                 1.2468,              0.0095446,              0.0095446,              0.0095446
                     48,                  1.002,                0.62478,                 1.1083,                0.91691,                0.82203,                0.93265,                0.66161,                0.98376,                0.66465,                 1.1176,              0.0095347,              0.0095347,              0.0095347
                     49,                 1.0024,                  0.632,                 1.0916,                0.95491,                 0.8364,                0.94045,                0.65879,                0.94797,                0.65369,                 1.1001,              0.0095248,              0.0095248,              0.0095248
                     50,                0.96183,                0.60905,                 1.0876,                0.90775,                0.91306,                0.94232,                0.68206,                0.97205,                0.62795,                 1.1058,              0.0095149,              0.0095149,              0.0095149
                     51,                0.98431,                0.62072,                 1.1088,                0.93284,                0.89522,                0.95128,                 0.6735,                0.95327,                0.62955,                 1.1093,               0.009505,               0.009505,               0.009505
                     52,                0.97359,                0.59836,                   1.09,                0.88739,                0.83169,                 0.8991,                0.64247,                 1.0134,                 0.7515,                 1.1148,              0.0094951,              0.0094951,              0.0094951
                     53,                0.95525,                0.59815,                 1.0788,                 0.9234,                0.87518,                0.93447,                0.69062,                0.96064,                0.63299,                 1.1075,              0.0094852,              0.0094852,              0.0094852
                     54,                0.97385,                0.62474,                 1.0962,                0.91293,                0.88451,                0.93947,                0.67523,                0.94771,                0.61144,                 1.1053,              0.0094753,              0.0094753,              0.0094753
                     55,                0.95183,                0.60059,                  1.077,                0.94241,                0.87947,                0.93315,                0.68265,                0.90905,                0.58969,                 1.0838,              0.0094654,              0.0094654,              0.0094654
                     56,                0.97492,                 0.6061,                 1.0751,                0.91094,                 0.8933,                0.92385,                0.65902,                0.93128,                   0.64,                  1.094,              0.0094555,              0.0094555,              0.0094555
                     57,                 0.9606,                0.60272,                 1.0826,                0.91501,                0.89896,                0.94267,                 0.6799,                0.91074,                0.61648,                 1.0909,              0.0094456,              0.0094456,              0.0094456
                     58,                0.95418,                0.58726,                 1.0761,                0.92948,                 0.8971,                0.94199,                0.67332,                0.94166,                0.59424,                 1.0765,              0.0094357,              0.0094357,              0.0094357
                     59,                0.93612,                0.58186,                 1.0609,                0.92052,                0.89692,                0.93607,                0.66957,                0.93362,                0.64504,                 1.0877,              0.0094258,              0.0094258,              0.0094258
                     60,                0.94991,                0.58431,                 1.0811,                 0.9462,                0.88317,                0.94792,                0.68015,                0.91509,                0.57122,                 1.0633,              0.0094159,              0.0094159,              0.0094159
                     61,                0.93684,                0.56979,                 1.0609,                0.93672,                0.86137,                0.94697,                0.68493,                0.91206,                0.57883,                 1.0774,               0.009406,               0.009406,               0.009406
                     62,                0.93945,                0.57083,                  1.068,                0.93145,                  0.918,                0.94518,                0.66906,                0.98029,                0.65266,                 1.0903,              0.0093961,              0.0093961,              0.0093961
                     63,                0.92817,                0.56816,                 1.0508,                0.87916,                0.88977,                0.94179,                0.68285,                0.93357,                0.60977,                 1.0836,              0.0093862,              0.0093862,              0.0093862
                     64,                0.94251,                0.57828,                 1.0624,                0.93848,                0.89449,                0.95159,                 0.6822,                0.93622,                0.60456,                 1.0984,              0.0093763,              0.0093763,              0.0093763
                     65,                0.92846,                0.56135,                  1.058,                 0.9233,                 0.8831,                 0.9451,                0.71138,                0.87269,                0.55512,                 1.0559,              0.0093664,              0.0093664,              0.0093664
                     66,                0.91472,                  0.557,                 1.0672,                0.91745,                0.92174,                0.95896,                0.70797,                0.88494,                0.56021,                   1.05,              0.0093565,              0.0093565,              0.0093565
                     67,                0.90168,                0.55319,                 1.0428,                0.89771,                0.90409,                0.93858,                0.67371,                0.92421,                0.60461,                 1.0723,              0.0093466,              0.0093466,              0.0093466
                     68,                0.92891,                0.56242,                 1.0623,                0.88949,                0.88367,                0.93191,                0.64565,                0.94914,                0.60687,                 1.0947,              0.0093367,              0.0093367,              0.0093367
                     69,                0.91185,                0.55424,                 1.0391,                0.94606,                0.91437,                0.96078,                0.69138,                0.94231,                0.55743,                  1.071,              0.0093268,              0.0093268,              0.0093268
                     70,                0.89317,                0.54555,                 1.0455,                0.92785,                0.90417,                0.96118,                0.68487,                0.95019,                0.56973,                 1.0726,              0.0093169,              0.0093169,              0.0093169
                     71,                0.90593,                 0.5648,                 1.0473,                0.88615,                0.92362,                0.95163,                0.70496,                0.89678,                0.56144,                  1.065,               0.009307,               0.009307,               0.009307
                     72,                0.91027,                0.55625,                 1.0525,                0.90613,                0.94136,                0.96104,                0.70595,                0.91025,                0.54837,                  1.062,              0.0092971,              0.0092971,              0.0092971
                     73,                0.89519,                0.55403,                 1.0326,                0.88968,                0.91385,                0.93912,                0.68361,                0.89119,                0.59276,                 1.0584,              0.0092872,              0.0092872,              0.0092872
                     74,                0.89191,                0.54038,                  1.027,                0.94211,                0.89531,                0.95295,                0.70585,                0.91966,                0.59344,                  1.081,              0.0092773,              0.0092773,              0.0092773
                     75,                0.87055,                0.52342,                 1.0276,                0.94316,                0.88511,                0.95241,                0.70224,                0.87803,                0.54797,                 1.0621,              0.0092674,              0.0092674,              0.0092674
                     76,                0.86249,                0.52626,                  1.022,                0.95045,                 0.8933,                0.94891,                0.69806,                0.88287,                0.53948,                 1.0582,              0.0092575,              0.0092575,              0.0092575
                     77,                 0.8742,                0.52393,                 1.0346,                0.91472,                0.89463,                0.94344,                 0.6825,                 0.9389,                0.56441,                 1.0958,              0.0092476,              0.0092476,              0.0092476
                     78,                0.87504,                0.52725,                 1.0249,                0.92677,                 0.9027,                0.94825,                0.69433,                0.87998,                0.56943,                  1.064,              0.0092377,              0.0092377,              0.0092377
                     79,                0.88724,                0.53962,                 1.0472,                 0.9473,                0.92162,                 0.9615,                0.71361,                0.87732,                0.53356,                 1.0618,              0.0092278,              0.0092278,              0.0092278
                     80,                0.87936,                0.54714,                 1.0394,                 0.9275,                0.90188,                0.93114,                0.69592,                0.87541,                0.56558,                 1.0545,              0.0092179,              0.0092179,              0.0092179
                     81,                0.86807,                0.52318,                 1.0284,                0.89806,                0.87284,                0.93851,                0.70121,                0.85944,                 0.5507,                 1.0624,               0.009208,               0.009208,               0.009208
                     82,                 0.8468,                0.51946,                 1.0197,                0.95758,                0.87934,                0.95433,                0.70336,                0.87921,                0.53873,                 1.0689,              0.0091981,              0.0091981,              0.0091981
                     83,                0.86815,                0.53515,                 1.0356,                0.94339,                0.88656,                0.95569,                0.71012,                 0.8745,                0.53992,                 1.0321,              0.0091882,              0.0091882,              0.0091882
                     84,                0.84788,                0.51004,                 1.0153,                0.92422,                0.89463,                0.94816,                0.67231,                0.93507,                0.57215,                 1.0813,              0.0091783,              0.0091783,              0.0091783
                     85,                0.84909,                0.50395,                 1.0293,                0.93692,                0.91866,                0.96245,                0.71813,                0.86476,                0.54841,                  1.033,              0.0091684,              0.0091684,              0.0091684
                     86,                0.85079,                0.51964,                 1.0339,                 0.9331,                0.90044,                 0.9572,                0.70489,                0.87886,                0.56626,                 1.0532,              0.0091585,              0.0091585,              0.0091585
                     87,                0.84981,                0.51221,                 1.0198,                 0.9296,                0.88419,                0.95564,                0.71709,                0.84436,                  0.541,                 1.0292,              0.0091486,              0.0091486,              0.0091486
                     88,                0.84194,                0.51196,                 1.0262,                0.92472,                0.86833,                0.95554,                0.70872,                0.86524,                0.56398,                  1.046,              0.0091387,              0.0091387,              0.0091387
                     89,                0.84866,                0.51194,                 1.0239,                  0.949,                0.89532,                 0.9603,                0.70066,                0.86204,                0.53477,                 1.0364,              0.0091288,              0.0091288,              0.0091288
                     90,                0.84018,                0.49979,                 1.0127,                0.93949,                 0.8832,                0.94158,                0.69111,                0.90749,                0.56084,                 1.0583,              0.0091189,              0.0091189,              0.0091189
                     91,                0.82984,                0.50906,                 1.0247,                0.96174,                0.87308,                0.94687,                0.70518,                0.87133,                0.55637,                 1.0535,               0.009109,               0.009109,               0.009109
                     92,                0.84434,                0.50439,                 1.0151,                0.89822,                0.89332,                0.93939,                0.69387,                0.87495,                0.54232,                 1.0446,              0.0090991,              0.0090991,              0.0090991
                     93,                 0.8466,                0.49951,                  1.021,                0.87012,                0.91559,                0.94437,                0.69607,                0.88123,                0.55431,                 1.0549,              0.0090892,              0.0090892,              0.0090892
                     94,                0.82983,                0.48836,                 1.0094,                0.94491,                  0.918,                0.96352,                0.71813,                0.85715,                0.51179,                 1.0243,              0.0090793,              0.0090793,              0.0090793
                     95,                0.82806,                0.50528,                  1.007,                0.93737,                0.90708,                0.95366,                0.70787,                0.86616,                0.52727,                 1.0312,              0.0090694,              0.0090694,              0.0090694
                     96,                0.84906,                0.50367,                 1.0204,                0.92971,                0.90164,                0.95708,                0.72862,                0.84434,                0.51959,                  1.019,              0.0090595,              0.0090595,              0.0090595
                     97,                0.83877,                0.49096,                 1.0084,                0.93552,                0.92162,                0.96244,                0.71395,                0.83437,                0.52871,                 1.0258,              0.0090496,              0.0090496,              0.0090496
                     98,                0.84128,                0.49804,                 1.0149,                0.93496,                0.91208,                0.95537,                0.72515,                0.83451,                0.50089,                  1.039,              0.0090397,              0.0090397,              0.0090397
                     99,                0.82628,                0.50193,                 1.0252,                0.92139,                0.89397,                0.94262,                0.72142,                0.85192,                0.54406,                  1.031,              0.0090298,              0.0090298,              0.0090298
                    100,                0.81138,                0.48497,                 1.0017,                0.93678,                0.89664,                 0.9508,                0.68973,                0.91716,                0.54199,                 1.0701,              0.0090199,              0.0090199,              0.0090199
                    101,                0.82644,                0.49167,                 1.0218,                  0.918,                0.90265,                0.93508,                0.71229,                0.87199,                0.52374,                 1.0452,                0.00901,                0.00901,                0.00901
                    102,                0.80478,                0.47273,                0.99976,                 0.9192,                0.88256,                 0.9506,                0.71821,                0.84458,                0.51773,                 1.0178,              0.0090001,              0.0090001,              0.0090001
                    103,                0.80831,                0.48012,                 1.0058,                0.86392,                0.93029,                 0.9595,                0.70246,                0.85664,                0.51571,                 1.0511,              0.0089902,              0.0089902,              0.0089902
                    104,                0.82179,                0.48981,                  1.016,                0.92153,                0.91142,                  0.955,                0.71004,                0.85712,                0.52179,                 1.0374,              0.0089803,              0.0089803,              0.0089803
                    105,                0.78936,                0.47811,                0.99613,                0.93385,                0.88187,                0.94452,                0.69959,                0.87546,                0.54229,                 1.0367,              0.0089704,              0.0089704,              0.0089704
                    106,                0.81717,                0.48083,                0.99993,                0.89175,                0.92229,                0.94719,                0.68619,                0.90797,                0.55607,                 1.0742,              0.0089605,              0.0089605,              0.0089605
                    107,                0.79876,                0.47944,                 0.9993,                0.92299,                 0.8812,                0.94843,                0.70643,                0.89376,                 0.5515,                 1.0467,              0.0089506,              0.0089506,              0.0089506
                    108,                0.80785,                 0.4886,                 1.0034,                 0.9239,                0.91866,                0.95517,                0.71271,                0.86945,                0.51963,                 1.0378,              0.0089407,              0.0089407,              0.0089407
                    109,                0.79857,                0.47303,                0.99279,                0.94437,                0.90845,                0.95561,                0.72866,                 0.8732,                0.51661,                 1.0329,              0.0089308,              0.0089308,              0.0089308
                    110,                0.80889,                0.47743,                 1.0094,                0.92913,                0.89381,                0.94622,                0.70735,                0.85746,                0.53738,                 1.0407,              0.0089209,              0.0089209,              0.0089209
                    111,                0.79481,                0.47321,                0.99753,                0.93811,                 0.8831,                0.95367,                0.69741,                0.91154,                0.54859,                 1.0726,               0.008911,               0.008911,               0.008911
                    112,                0.79712,                0.48632,                0.99694,                0.93889,                0.88759,                 0.9546,                0.70345,                0.86832,                0.52581,                  1.044,              0.0089011,              0.0089011,              0.0089011
                    113,                0.78813,                 0.4728,                0.98363,                  0.909,                0.88901,                0.94828,                0.71195,                 0.8402,                 0.5253,                 1.0214,              0.0088912,              0.0088912,              0.0088912
                    114,                0.78693,                0.46785,                0.99694,                0.94709,                0.87718,                0.95387,                0.71286,                0.83688,                0.48648,                 1.0411,              0.0088813,              0.0088813,              0.0088813
                    115,                0.80279,                0.47182,                  1.002,                0.93412,                0.90624,                0.95696,                0.70824,                0.85878,                 0.5147,                 1.0302,              0.0088714,              0.0088714,              0.0088714
                    116,                0.79307,                0.46204,                  0.999,                0.94687,                0.89391,                0.95781,                0.72283,                0.85557,                0.52463,                 1.0379,              0.0088615,              0.0088615,              0.0088615
                    117,                0.78195,                0.46759,                0.98391,                0.94523,                0.90417,                0.96347,                0.71861,                0.85809,                0.53136,                 1.0343,              0.0088516,              0.0088516,              0.0088516
                    118,                0.78039,                0.46524,                0.97661,                0.90841,                0.90966,                 0.9527,                0.72032,                0.83638,                 0.5247,                 1.0276,              0.0088417,              0.0088417,              0.0088417
                    119,                 0.7846,                0.46664,                0.98647,                0.92383,                0.87289,                0.94864,                0.70804,                0.87029,                0.52529,                 1.0375,              0.0088318,              0.0088318,              0.0088318
                    120,                0.77491,                0.46956,                0.98635,                0.91623,                0.89759,                0.95128,                0.71479,                0.82294,                0.51191,                 1.0083,              0.0088219,              0.0088219,              0.0088219
                    121,                0.77052,                0.45468,                0.97449,                0.92547,                0.89182,                0.95206,                0.72083,                0.81947,                0.52268,                0.99978,               0.008812,               0.008812,               0.008812
                    122,                0.78332,                0.47129,                0.98691,                0.88849,                0.89034,                0.94578,                0.69125,                0.87864,                0.52355,                 1.0365,              0.0088021,              0.0088021,              0.0088021
                    123,                0.78491,                0.45984,                0.97881,                0.92153,                 0.9118,                0.95798,                0.72418,                0.82661,                0.49297,                 1.0172,              0.0087922,              0.0087922,              0.0087922
                    124,                0.75896,                0.45889,                0.98329,                0.92436,                0.88014,                0.94181,                0.69783,                0.85469,                0.51773,                 1.0408,              0.0087823,              0.0087823,              0.0087823
                    125,                0.75829,                0.45272,                0.97615,                0.94479,                0.89171,                0.96287,                 0.7161,                 0.8395,                0.49522,                 1.0383,              0.0087724,              0.0087724,              0.0087724
                    126,                0.76504,                0.44707,                0.97862,                0.92273,                 0.9193,                0.95947,                0.70606,                0.84184,                0.52151,                 1.0307,              0.0087625,              0.0087625,              0.0087625
                    127,                0.77191,                0.45371,                0.97473,                0.94815,                0.89191,                 0.9531,                0.71173,                0.84953,                0.51047,                  1.034,              0.0087526,              0.0087526,              0.0087526
                    128,                0.77087,                0.46198,                0.98723,                0.94612,                0.90055,                0.96537,                0.73559,                0.80343,                0.48493,                  1.005,              0.0087427,              0.0087427,              0.0087427
                    129,                0.77265,                0.45429,                0.98498,                0.91143,                0.90144,                0.95199,                0.73614,                0.79693,                0.50323,                 1.0058,              0.0087328,              0.0087328,              0.0087328
                    130,                0.75964,                0.45691,                0.98154,                0.94539,                 0.8933,                0.95551,                0.71982,                 0.8251,                0.50557,                 1.0197,              0.0087229,              0.0087229,              0.0087229
                    131,                0.74907,                0.43854,                0.96901,                0.93199,                0.91437,                0.95959,                0.71272,                0.80364,                0.49384,                  1.021,               0.008713,               0.008713,               0.008713
                    132,                0.76772,                 0.4452,                  0.976,                   0.95,                0.89477,                 0.9565,                0.72321,                0.82557,                0.48527,                 1.0123,              0.0087031,              0.0087031,              0.0087031
                    133,                0.74911,                0.45375,                0.96632,                0.90641,                0.90747,                0.95173,                0.72869,                0.81272,                0.48721,                 1.0169,              0.0086932,              0.0086932,              0.0086932
                    134,                0.76714,                0.45276,                 0.9756,                0.92954,                0.91248,                0.95909,                0.73559,                0.82629,                0.49001,                 1.0175,              0.0086833,              0.0086833,              0.0086833
                    135,                0.75737,                0.44176,                0.96828,                0.96153,                0.86226,                 0.9553,                0.72059,                 0.8219,                0.49245,                 1.0205,              0.0086734,              0.0086734,              0.0086734
                    136,                0.75618,                0.44521,                0.96209,                0.95087,                0.89463,                0.96199,                0.73774,                0.80726,                0.48329,                 1.0132,              0.0086635,              0.0086635,              0.0086635
                    137,                0.74174,                0.43652,                0.96735,                0.95177,                0.90244,                0.95812,                0.73432,                0.82419,                0.49359,                 1.0153,              0.0086536,              0.0086536,              0.0086536
                    138,                0.75541,                0.45098,                0.97484,                0.94999,                0.88093,                 0.9537,                 0.7268,                0.81324,                0.50402,                 1.0257,              0.0086437,              0.0086437,              0.0086437
                    139,                0.74738,                0.43957,                0.96509,                0.93582,                0.89536,                0.95444,                0.71714,                0.81465,                0.48811,                 1.0286,              0.0086338,              0.0086338,              0.0086338
                    140,                0.75482,                0.45453,                0.98376,                0.92928,                0.93235,                 0.9608,                0.73097,                0.83668,                0.48846,                 1.0177,              0.0086239,              0.0086239,              0.0086239
                    141,                0.72814,                0.43504,                0.95463,                0.94021,                 0.9102,                0.96277,                0.72761,                0.80857,                0.49387,                 1.0069,               0.008614,               0.008614,               0.008614
                    142,                0.75632,                 0.4473,                0.97607,                0.94316,                0.89936,                0.95877,                0.73135,                0.82901,                0.52406,                 1.0219,              0.0086041,              0.0086041,              0.0086041
                    143,                0.75332,                 0.4474,                0.97255,                0.93581,                0.88968,                0.95726,                0.73199,                0.80478,                0.51003,                0.99558,              0.0085942,              0.0085942,              0.0085942
                    144,                0.74759,                0.44679,                0.96515,                0.92897,                0.87075,                0.95187,                0.72023,                0.82534,                0.49431,                 1.0169,              0.0085843,              0.0085843,              0.0085843
                    145,                0.75786,                0.44481,                0.97241,                0.90647,                0.93623,                0.96418,                0.72707,                0.83392,                 0.4797,                  1.024,              0.0085744,              0.0085744,              0.0085744
                    146,                0.72148,                 0.4296,                0.96493,                0.91906,                0.90671,                0.95494,                0.72876,                0.82616,                0.48937,                 1.0159,              0.0085645,              0.0085645,              0.0085645
                    147,                0.73561,                0.43121,                0.96058,                0.92593,                0.91924,                0.96134,                0.72577,                0.80744,                0.48558,                 1.0054,              0.0085546,              0.0085546,              0.0085546
                    148,                0.72715,                0.43383,                0.95221,                0.92155,                0.91087,                0.95539,                0.72828,                 0.8217,                0.49303,                 1.0267,              0.0085447,              0.0085447,              0.0085447
                    149,                0.72503,                0.42539,                0.95844,                0.95854,                0.90059,                0.96974,                0.74255,                0.80608,                 0.4454,                 1.0158,              0.0085348,              0.0085348,              0.0085348
                    150,                 0.7306,                0.43077,                0.96898,                 0.9111,                0.90391,                0.95216,                0.70304,                0.85442,                0.52926,                 1.0469,              0.0085249,              0.0085249,              0.0085249
                    151,                0.73674,                0.42856,                0.94919,                0.91045,                0.89533,                0.94824,                0.72071,                0.81662,                0.49944,                 1.0224,               0.008515,               0.008515,               0.008515
                    152,                0.72511,                0.42665,                0.95506,                0.93201,                  0.918,                0.96553,                0.73604,                0.79108,                 0.4711,                 1.0026,              0.0085051,              0.0085051,              0.0085051
                    153,                0.74067,                0.43023,                 0.9697,                0.90964,                0.93249,                0.96276,                0.73134,                0.80121,                0.46338,                 1.0156,              0.0084952,              0.0084952,              0.0084952
                    154,                0.73568,                0.42505,                 0.9501,                 0.9533,                  0.918,                0.97173,                0.75673,                0.77983,                0.46011,                  1.009,              0.0084853,              0.0084853,              0.0084853
                    155,                0.73505,                0.43197,                0.95789,                0.96281,                0.88386,                0.95558,                0.71566,                0.83069,                0.48436,                 1.0356,              0.0084754,              0.0084754,              0.0084754
                    156,                0.71188,                0.41804,                0.95809,                 0.9471,                0.89923,                0.95583,                0.73895,                0.80398,                0.48658,                 1.0065,              0.0084655,              0.0084655,              0.0084655
                    157,                0.72554,                0.42787,                0.95722,                0.94831,                0.90761,                0.95106,                0.71965,                0.85634,                0.49916,                 1.0446,              0.0084556,              0.0084556,              0.0084556
                    158,                0.72987,                0.42717,                0.95613,                0.90821,                0.90775,                0.94399,                0.72611,                0.81154,                0.47692,                 1.0314,              0.0084457,              0.0084457,              0.0084457
                    159,                0.71886,                0.42066,                0.96094,                0.91343,                0.91142,                0.95747,                0.74056,                 0.8125,                0.47751,                 1.0051,              0.0084358,              0.0084358,              0.0084358
                    160,                0.73738,                0.42763,                0.95167,                0.93093,                0.92193,                0.96388,                0.74106,                0.80352,                0.48165,                 1.0122,              0.0084259,              0.0084259,              0.0084259
                    161,                0.73252,                0.42489,                0.96411,                0.93857,                0.91866,                0.96594,                0.73313,                0.82967,                0.47177,                 1.0338,               0.008416,               0.008416,               0.008416
                    162,                0.70443,                0.40811,                0.94429,                0.92087,                 0.8869,                 0.9511,                0.72304,                0.81252,                0.50373,                 1.0219,              0.0084061,              0.0084061,              0.0084061
                    163,                 0.7122,                0.41985,                0.94715,                0.91067,                0.91676,                 0.9637,                0.72804,                 0.8288,                0.48982,                 1.0266,              0.0083962,              0.0083962,              0.0083962
                    164,                0.71158,                 0.4182,                0.94884,                 0.9075,                0.93408,                0.96278,                 0.7385,                0.81262,                0.47016,                 1.0152,              0.0083863,              0.0083863,              0.0083863
                    165,                0.72955,                0.42113,                0.95951,                0.92706,                0.89544,                0.95534,                0.73355,                0.80761,                0.47054,                0.99834,              0.0083764,              0.0083764,              0.0083764
                    166,                0.70539,                0.42363,                0.95832,                0.92224,                0.94421,                0.97189,                0.73189,                 0.7851,                 0.4664,                0.99765,              0.0083665,              0.0083665,              0.0083665
                    167,                0.70285,                0.42618,                0.95073,                0.90642,                0.92388,                 0.9577,                0.73721,                0.80468,                0.47657,                 1.0098,              0.0083566,              0.0083566,              0.0083566
                    168,                0.72852,                0.43259,                0.95969,                0.91912,                0.89041,                0.94799,                0.73963,                0.81453,                0.50356,                 1.0141,              0.0083467,              0.0083467,              0.0083467
                    169,                0.70093,                 0.4196,                0.95443,                0.94893,                0.87356,                0.97269,                0.74807,                0.78406,                0.46543,                0.99751,              0.0083368,              0.0083368,              0.0083368
                    170,                0.72301,                0.43523,                0.96164,                0.88456,                0.91868,                0.94669,                0.72984,                0.79992,                0.48504,                 1.0037,              0.0083269,              0.0083269,              0.0083269
                    171,                0.70955,                0.41519,                 0.9526,                0.91185,                0.90871,                0.94468,                0.75008,                0.77324,                 0.4623,                0.99533,               0.008317,               0.008317,               0.008317
                    172,                0.69774,                0.40886,                0.96543,                 0.9309,                0.90101,                0.94917,                0.74968,                0.78194,                 0.4799,                0.99731,              0.0083071,              0.0083071,              0.0083071
                    173,                0.70694,                0.41475,                0.94614,                0.94086,                0.88004,                0.95895,                0.74259,                 0.7934,                0.49413,                0.99313,              0.0082972,              0.0082972,              0.0082972
                    174,                0.69728,                0.41098,                0.95199,                 0.9256,                0.91062,                0.96206,                0.73898,                0.79321,                0.48382,                0.98891,              0.0082873,              0.0082873,              0.0082873
                    175,                0.69677,                0.40932,                0.95246,                0.92676,                 0.8831,                0.96255,                0.74032,                0.82985,                0.49005,                 1.0123,              0.0082774,              0.0082774,              0.0082774
                    176,                0.71305,                0.42912,                0.95517,                0.90588,                0.92823,                0.95816,                0.73481,                0.82343,                0.47659,                 1.0055,              0.0082675,              0.0082675,              0.0082675
                    177,                0.70832,                 0.4156,                0.95128,                0.92216,                0.90846,                0.94805,                0.74274,                 0.7818,                0.46993,                0.98332,              0.0082576,              0.0082576,              0.0082576
                    178,                0.69204,                0.40263,                0.94128,                0.93611,                0.90977,                0.95654,                0.74751,                0.80864,                0.48192,                0.99386,              0.0082477,              0.0082477,              0.0082477
                    179,                0.70457,                0.41406,                0.95325,                0.92675,                0.91824,                0.95534,                0.75077,                0.78928,                0.45707,                0.99342,              0.0082378,              0.0082378,              0.0082378
                    180,                0.71526,                0.41509,                0.96006,                0.95706,                0.90779,                0.96153,                0.73815,                0.83597,                0.47656,                 1.0145,              0.0082279,              0.0082279,              0.0082279
                    181,                0.69997,                0.40854,                0.94316,                0.94671,                0.91571,                0.96481,                 0.7427,                 0.8235,                0.46389,                 1.0118,               0.008218,               0.008218,               0.008218
                    182,                0.69541,                0.40877,                  0.947,                0.92998,                0.90223,                0.95822,                0.72864,                0.82775,                0.47492,                 1.0105,              0.0082081,              0.0082081,              0.0082081
                    183,                0.68391,                 0.4139,                0.94123,                0.91523,                0.89463,                0.95669,                0.72853,                0.81836,                 0.4775,                 1.0059,              0.0081982,              0.0081982,              0.0081982
                    184,                0.68126,                0.40601,                0.95163,                 0.9336,                0.88739,                0.95191,                0.73683,                0.80432,                0.49504,                0.99798,              0.0081883,              0.0081883,              0.0081883
                    185,                0.68916,                0.40497,                0.94581,                0.94149,                0.92387,                0.96648,                0.73787,                 0.8026,                0.48724,                 1.0023,              0.0081784,              0.0081784,              0.0081784
                    186,                0.70207,                 0.4085,                0.94167,                0.91614,                0.93316,                0.96553,                0.74109,                 0.8218,                0.48493,                 1.0211,              0.0081685,              0.0081685,              0.0081685
                    187,                0.67789,                  0.405,                 0.9483,                0.90865,                 0.9068,                0.95547,                  0.726,                0.82723,                  0.484,                 1.0181,              0.0081586,              0.0081586,              0.0081586
                    188,                0.67912,                0.39584,                0.93635,                0.91363,                0.91392,                0.95438,                0.74119,                0.81579,                 0.4607,                 1.0069,              0.0081487,              0.0081487,              0.0081487
                    189,                0.69146,                0.40327,                0.95429,                0.90597,                0.93442,                0.95803,                0.74156,                0.82184,                0.43749,                 1.0126,              0.0081388,              0.0081388,              0.0081388
                    190,                0.68911,                0.39975,                0.94889,                0.92782,                0.92701,                0.96852,                0.74332,                0.81809,                0.44583,                  1.027,              0.0081289,              0.0081289,              0.0081289
                    191,                0.68025,                0.39095,                0.93925,                0.92716,                0.92424,                0.95764,                0.73991,                0.80738,                0.45888,                 1.0204,               0.008119,               0.008119,               0.008119
                    192,                0.67012,                0.39847,                0.94421,                0.93714,                 0.8905,                0.94724,                0.73881,                0.79606,                0.49243,                 1.0044,              0.0081091,              0.0081091,              0.0081091
                    193,                0.69701,                0.39959,                0.93979,                 0.9355,                  0.912,                0.95202,                0.74708,                0.77248,                0.46115,                0.99813,              0.0080992,              0.0080992,              0.0080992
                    194,                0.67531,                0.39575,                0.93409,                0.93787,                0.90277,                0.95738,                 0.7407,                 0.7924,                0.46934,                 0.9955,              0.0080893,              0.0080893,              0.0080893
                    195,                0.66637,                0.39525,                0.94163,                0.92134,                0.92832,                0.96016,                0.74556,                0.77918,                0.45534,                0.99073,              0.0080794,              0.0080794,              0.0080794
                    196,                0.68703,                0.40578,                0.93657,                0.90975,                 0.9217,                0.95734,                0.73573,                0.81546,                0.46488,                0.99985,              0.0080695,              0.0080695,              0.0080695
                    197,                0.68511,                0.39318,                0.93566,                0.87885,                0.91708,                0.95633,                0.73345,                0.79368,                 0.4813,                 1.0047,              0.0080596,              0.0080596,              0.0080596
                    198,                 0.6902,                0.40551,                0.94239,                0.92303,                0.90577,                0.96157,                0.75329,                 0.7877,                0.46065,                0.98573,              0.0080497,              0.0080497,              0.0080497
                    199,                0.68295,                0.39876,                0.93642,                0.92095,                0.90804,                0.94896,                0.74655,                0.78813,                0.49623,                0.98742,              0.0080398,              0.0080398,              0.0080398
                    200,                0.68365,                0.40635,                0.94619,                0.91997,                0.92229,                0.96272,                0.75674,                0.76801,                0.45081,                0.97859,              0.0080299,              0.0080299,              0.0080299
                    201,                0.67949,                0.39763,                0.94567,                0.94263,                0.90484,                0.95754,                0.73397,                0.80493,                0.46018,                 1.0066,                0.00802,                0.00802,                0.00802
                    202,                 0.6872,                0.40147,                0.94298,                0.94101,                0.91142,                0.96158,                0.75015,                0.78853,                0.45723,                 1.0017,              0.0080101,              0.0080101,              0.0080101
                    203,                0.67847,                0.39795,                0.94075,                0.96221,                0.88358,                0.96903,                 0.7553,                0.78618,                0.45287,                 1.0071,              0.0080002,              0.0080002,              0.0080002
                    204,                0.66641,                0.39787,                0.93397,                0.92753,                0.91899,                0.96473,                0.73913,                0.78753,                0.45594,                0.98974,              0.0079903,              0.0079903,              0.0079903
